{
  "for_loops": {
    "min": 0.0,
    "max": 6.0,
    "mean": 1.096774193548387,
    "std": 1.219218427769678
  },
  "while_loops": {
    "min": 0.0,
    "max": 2.0,
    "mean": 0.06451612903225806,
    "std": 0.2776772263153068
  },
  "if_statements": {
    "min": 0.0,
    "max": 5.0,
    "mean": 1.3306451612903225,
    "std": 1.3417727273751006
  },
  "recursive_calls": {
    "min": 0.0,
    "max": 4.0,
    "mean": 0.6290322580645161,
    "std": 1.129556657655293
  },
  "nested_loops": {
    "min": 0.0,
    "max": 3.0,
    "mean": 0.3548387096774194,
    "std": 0.6526188442634433
  },
  "max_depth": {
    "min": 5.0,
    "max": 12.0,
    "mean": 7.967741935483871,
    "std": 1.7434452568852206
  },
  "has_recursion": {
    "min": 0.0,
    "max": 1.0,
    "mean": 0.27419354838709675,
    "std": 0.44791676196487124
  },
  "input_vars": {
    "min": 1.0,
    "max": 7.0,
    "mean": 2.0725806451612905,
    "std": 1.643778055047728
  },
  "max_nesting": {
    "min": 0.0,
    "max": 4.0,
    "mean": 0.9838709677419355,
    "std": 0.9015241923510304
  },
  "input_dependent_loops": {
    "min": 0.0,
    "max": 2.0,
    "mean": 0.5080645161290323,
    "std": 0.6925382527891053
  },
  "returns_in_loops": {
    "min": 0.0,
    "max": 4.0,
    "mean": 0.1693548387096774,
    "std": 0.5517418713293586
  },
  "calls_in_loops": {
    "min": 0.0,
    "max": 5.0,
    "mean": 0.7661290322580645,
    "std": 1.223807672384707
  },
  "top_level_loops": {
    "min": 0.0,
    "max": 4.0,
    "mean": 0.8064516129032258,
    "std": 0.7722569536868559
  }
}